{"cameraMode":{"drawMode":0,"name":"Shaded","section":"Shading Mode"},"sceneLighting":false,"audioPlay":false,"sceneViewState":{"m_AlwaysRefresh":false,"showFog":true,"showSkybox":true,"showFlares":true,"showImageEffects":true,"showParticleSystems":true,"showVisualEffectGraphs":true,"m_FxEnabled":true},"in2DMode":false,"pivot":{"x":-9.350000381469727,"y":0.36000001430511477,"z":11.770000457763672},"rotation":{"x":-0.474008709192276,"y":0.0005522880237549543,"z":-0.0002385341067565605,"w":-0.8805832862854004},"size":1.7320507764816285,"orthographic":false}